Size_SqFt,Bedrooms,Bathrooms,Age_Years,Location_Score,Has_Garage,Price
2248,1,1.0,18.9,2.7,1,434405
1931,2,1.3,3.6,5.6,1,416073
2324,1,1.0,38.0,5.8,0,453780
2762,6,4.0,47.8,8.3,0,673476
1883,6,3.7,12.8,7.6,1,531949
1883,1,1.0,16.9,7.0,0,448675
2790,1,1.0,10.0,2.0,1,472152
2384,4,2.5,29.3,7.5,0,481199
1765,5,3.4,8.6,5.5,1,502591
2271,5,3.6,18.5,9.0,1,582254
1768,1,1.0,35.2,9.3,0,393692
1767,5,3.6,28.4,1.5,0,402013
2121,3,2.6,19.9,8.4,1,483918
1043,6,4.0,21.6,1.3,1,356175
1138,3,2.2,28.5,4.3,1,268296
1719,3,1.9,1.3,5.9,1,403937
1494,3,1.8,4.8,2.3,1,399719
2157,4,2.6,44.2,7.7,1,521673
1546,4,2.7,4.8,1.1,0,376419
1294,3,2.2,35.6,2.5,1,265068
2733,3,2.8,46.1,6.2,1,549978
1887,3,1.9,14.3,7.4,1,424767
2034,2,1.3,19.2,9.2,1,509330
1288,4,2.8,28.9,7.3,1,362267
1728,1,1.0,44.2,7.0,1,336044
2055,1,1.0,47.2,4.5,0,349638
1425,6,4.0,37.2,1.0,0,364603
2188,1,1.0,5.2,2.1,1,468678
1700,1,1.0,33.8,5.8,1,330366
1854,1,1.0,21.1,7.1,1,364919
1699,3,2.4,24.1,4.8,0,320714
2926,1,1.0,3.4,7.6,0,558652
1993,3,1.2,10.4,5.7,1,440307
1471,6,4.0,39.7,1.7,1,351980
2411,1,1.0,23.2,2.7,0,467545
1390,2,1.1,15.8,8.6,1,392247
2104,3,1.8,19.8,7.5,1,487260
1020,3,1.8,42.9,9.1,0,330648
1336,6,4.0,37.7,2.1,0,393023
2098,5,3.3,14.3,9.9,1,529713
2369,2,1.5,6.8,2.9,1,458751
2086,1,1.0,13.3,1.1,1,415546
1942,6,4.0,46.1,10.0,1,551559
1849,5,3.2,29.5,3.5,1,453682
1261,3,2.0,27.1,7.0,1,328019
1640,2,1.2,30.2,2.6,0,343327
1770,3,2.3,18.9,6.2,0,388718
2529,2,1.0,40.5,9.1,1,516400
2172,4,2.8,26.6,3.9,1,530796
1118,3,2.3,6.7,7.0,1,336497
2162,3,2.7,7.3,2.7,1,436176
1807,6,4.0,27.3,6.6,1,461054
1662,1,1.0,46.9,4.0,1,361352
2306,4,2.3,16.1,2.9,0,484498
2515,2,1.0,43.6,3.8,1,465636
2466,2,1.7,38.4,2.6,0,431811
1580,3,2.1,13.1,9.1,0,422890
1845,3,2.5,2.8,4.6,1,426956
2166,1,1.0,6.0,3.2,1,443004
2488,3,2.3,36.7,5.0,0,468657
1760,2,2.0,10.8,3.9,0,356837
1907,4,2.9,19.2,7.7,1,468246
1447,6,4.0,25.6,9.7,1,457352
1402,5,3.5,36.5,4.9,1,389349
2406,5,3.0,6.5,8.7,0,576880
2678,3,2.5,20.9,6.1,1,461497
1964,3,1.9,24.8,2.4,1,398673
2502,1,1.0,27.5,7.2,0,446012
2181,3,1.6,41.1,5.6,1,505609
1677,4,2.4,9.4,6.9,1,416340
2181,6,4.0,40.6,9.0,1,567920
2769,2,1.3,35.0,5.0,0,554401
1982,1,1.1,28.2,9.1,1,404611
2782,2,1.4,35.3,7.8,1,571587
800,2,1.0,21.2,5.4,1,209153
2411,1,1.0,7.8,6.4,1,489668
2044,2,1.2,33.6,3.9,1,393600
1850,5,3.7,26.7,9.9,1,488373
2046,6,4.0,32.3,7.0,1,610373
1006,4,2.3,17.6,1.4,0,294917
1890,2,1.4,45.4,3.9,0,394396
2179,5,4.0,29.8,6.6,1,552024
2739,4,2.9,5.2,1.5,1,528744
1741,3,2.1,23.0,1.2,1,395899
1596,4,3.1,38.1,5.1,0,410730
1749,1,1.0,39.9,4.0,1,304755
2458,2,1.5,25.2,4.9,1,528880
2164,2,1.1,44.8,3.4,1,438945
1735,3,2.2,14.1,2.5,1,459125
2257,5,3.8,21.1,7.2,1,544620
2049,3,1.8,45.0,5.6,1,407108
2484,5,3.9,44.9,2.8,1,523204
1649,2,1.4,34.6,3.9,0,377411
1836,4,2.5,43.1,6.3,1,381098
1804,5,3.8,5.3,1.7,1,398381
1268,2,1.3,43.4,2.3,1,282860
2148,1,1.0,16.7,1.7,1,404412
2131,1,1.0,9.7,8.3,1,450247
2003,4,2.8,12.7,7.8,1,534918
1883,3,2.2,21.5,7.8,1,445308
1292,4,2.9,13.3,7.4,1,342233
1790,1,1.0,16.7,7.0,1,455794
1829,1,1.0,7.6,5.3,1,369563
1599,2,1.7,15.5,6.8,0,341972
1919,2,1.4,29.0,1.3,1,418141
2202,1,1.0,22.7,6.6,1,442007
2943,2,1.0,18.0,8.0,1,595467
2087,5,3.2,37.6,5.5,1,506668
2129,2,1.0,44.8,4.2,1,447685
1963,3,2.1,38.1,3.5,1,410349
1041,4,2.6,17.3,6.8,0,368011
1987,2,1.1,37.5,7.2,1,365992
2030,2,1.4,8.4,8.8,1,505267
3232,2,1.5,7.4,4.1,0,577458
1904,5,4.0,17.9,7.9,0,534148
2151,3,1.6,40.6,6.1,1,464414
1983,2,1.7,13.1,8.9,1,456920
1416,4,3.1,4.1,5.8,1,435516
2571,6,4.0,7.5,5.7,1,665317
2376,1,1.0,43.1,6.2,1,478595
2396,6,4.0,32.1,7.7,1,574772
1545,3,2.2,13.4,9.7,0,393662
2701,1,1.2,28.2,1.7,1,492466
1299,2,1.6,26.9,1.5,1,297344
2293,1,1.0,33.1,9.4,1,506683
3095,4,2.7,12.4,5.8,0,567626
1505,3,1.7,43.4,6.5,1,374479
1717,2,1.3,16.2,5.3,1,390466
2050,1,1.1,35.0,1.8,1,362979
1748,2,1.0,1.8,7.9,1,410605
1225,3,1.8,19.3,7.7,1,351556
2034,3,2.1,18.2,3.8,1,346387
1469,1,1.0,27.6,3.8,1,292776
2237,6,4.0,4.6,8.5,1,587939
1540,2,1.3,39.7,1.7,1,334614
2775,3,1.7,11.7,8.9,1,582202
1608,4,2.5,34.2,3.3,1,379724
1839,3,2.3,40.4,6.3,1,472117
2407,6,3.8,28.5,9.4,1,629821
1385,5,3.0,37.3,7.1,1,424584
2114,2,1.2,33.4,4.7,0,394636
2654,1,1.0,18.4,7.2,1,552346
1196,5,3.4,40.6,4.1,1,341168
2092,3,2.0,15.4,3.5,1,454896
2130,5,3.5,29.0,10.0,0,535253
2391,1,1.0,37.5,7.8,0,427904
1382,3,2.2,19.6,6.8,1,425596
1340,3,2.2,15.8,4.2,1,352133
2261,3,2.0,23.5,1.4,1,480386
2148,2,1.7,41.1,1.3,1,455624
2125,1,1.0,46.6,6.0,0,416498
2173,4,3.1,27.7,7.9,1,480949
1660,1,1.0,33.4,5.8,1,371820
2116,6,4.0,45.3,8.6,0,558202
2147,2,1.4,5.8,1.3,0,444225
1643,3,2.1,12.4,4.3,1,371076
2933,3,2.5,35.7,3.1,1,551546
2237,6,3.9,41.4,5.0,1,557369
1404,2,1.2,43.0,1.7,0,245585
2328,1,1.0,21.3,9.6,0,470771
1513,5,3.3,5.4,3.0,1,467692
2394,2,1.7,22.5,9.3,1,529605
2579,6,4.0,12.3,4.8,0,572097
1590,3,2.0,15.3,9.9,1,410501
2482,4,3.0,38.8,6.0,1,551352
2206,2,1.1,4.7,9.4,0,447092
2411,1,1.0,41.6,1.0,1,399464
2948,3,2.2,22.0,7.7,1,629571
1877,5,3.6,30.2,9.1,0,518012
1623,3,1.9,5.4,2.3,0,384758
1555,2,1.0,17.5,1.9,1,317780
1592,3,2.3,5.4,4.8,1,446105
1961,3,1.5,48.1,9.4,1,439556
2171,2,1.3,40.6,5.9,1,409583
2138,2,1.7,23.5,5.7,1,458281
2414,3,2.2,12.0,2.3,0,523752
2007,2,2.0,46.7,1.0,1,392017
2727,1,1.0,17.9,8.3,1,557949
1868,2,1.2,8.9,1.8,1,447742
3360,4,2.8,28.6,6.7,0,618237
2313,4,2.8,47.2,9.2,1,491751
1571,4,2.3,1.2,2.9,1,358953
1465,3,1.8,12.7,7.0,1,406362
2241,3,1.9,47.0,1.7,1,441839
1888,1,1.0,9.4,6.4,1,457947
2357,4,2.8,6.5,2.5,1,531322
2237,2,1.3,28.9,7.6,1,470297
1964,2,1.0,43.2,3.7,1,389522
1577,2,1.5,24.4,5.2,1,374826
1243,6,4.0,49.7,6.4,1,338880
1777,1,1.0,34.3,2.5,1,430395
2428,2,1.3,4.6,7.7,1,551136
2107,2,1.6,49.6,3.7,1,421160
1377,2,1.6,21.0,7.0,1,378789
2087,5,3.6,15.1,2.4,1,517468
2193,3,1.9,28.3,7.2,1,486680
1558,1,1.0,15.9,2.2,1,312837
2077,3,2.5,5.2,4.8,1,504782
2029,5,3.3,1.1,3.2,0,490481
1429,4,3.4,23.0,7.7,0,370275
2179,4,2.6,42.0,3.4,1,508900
2280,5,3.5,29.0,8.9,1,570945
2542,2,1.2,50.0,9.0,1,538347
2527,3,2.2,15.1,2.8,1,565386
1311,2,1.0,14.7,6.5,1,342946
1531,6,4.0,8.8,1.8,1,481202
2258,3,1.8,9.0,4.5,1,521665
2257,4,2.8,15.0,7.4,0,493782
2258,5,3.8,39.8,6.9,1,537854
3926,4,3.0,45.4,6.6,0,735225
2285,3,1.4,48.8,3.5,0,394526
2568,3,2.7,12.4,4.4,1,623221
2477,1,1.0,44.2,1.9,1,397389
2326,4,2.6,17.1,7.5,1,506102
1842,4,2.8,6.5,5.5,1,511239
2379,3,2.2,43.6,7.4,1,531013
1614,2,1.2,32.2,3.2,1,318013
1882,5,3.6,9.1,3.9,1,501136
1757,1,1.0,22.1,4.0,0,385401
2041,6,4.0,15.1,1.2,1,516691
3157,3,1.9,37.1,4.1,0,655428
1066,4,2.4,23.2,8.2,1,301407
2343,2,1.4,49.5,9.1,0,487071
1194,1,1.0,3.7,5.7,1,333305
1764,4,3.0,18.4,5.1,1,473063
2544,3,2.3,24.6,1.3,0,476337
2032,4,2.9,25.7,8.9,1,500216
1461,3,1.9,16.5,1.1,1,359052
1642,1,1.0,36.7,9.5,1,409393
2340,1,1.0,43.9,5.4,1,437296
1635,3,1.8,47.0,4.1,1,394493
2108,2,1.1,40.4,9.3,0,406424
2023,6,4.0,42.7,1.2,1,466523
1674,2,1.7,28.0,6.2,1,365058
3072,4,2.9,41.5,5.9,0,589460
2317,3,2.4,15.9,3.0,1,527244
987,6,4.0,20.5,4.9,1,384251
2093,5,3.6,16.5,6.9,0,584693
1669,4,2.8,23.9,7.5,1,449056
2426,1,1.0,15.0,1.0,1,458092
1604,6,4.0,48.1,9.4,1,468562
1943,1,1.0,16.3,2.5,1,369545
2252,2,1.6,5.8,3.1,1,473587
2433,1,1.0,26.8,3.4,1,498364
1400,3,1.9,3.8,1.3,0,328815
1833,2,1.4,6.4,2.1,1,377277
1763,1,1.0,11.8,9.9,1,394631
1673,1,1.0,23.8,3.8,0,283195
2883,1,1.0,22.2,2.0,1,525099
2202,1,1.0,40.2,2.0,0,414940
1370,5,3.6,37.2,7.5,1,366465
2459,2,1.0,21.9,8.7,0,489111
3061,6,4.0,17.4,3.3,1,669061
2516,2,1.0,16.5,1.2,1,421440
1240,5,3.9,38.9,3.0,1,329840
1758,2,1.1,3.6,1.5,1,362916
2633,1,1.1,1.6,1.9,0,461105
1646,1,1.0,40.0,4.9,1,351525
2222,2,1.1,24.4,3.1,1,440591
2387,3,1.8,7.4,5.6,0,485576
1537,2,1.5,12.5,3.3,1,374605
1970,1,1.0,46.7,9.5,1,467954
800,5,3.5,43.1,9.2,1,314156
1488,5,3.4,35.8,6.1,1,353846
1874,2,1.0,24.6,4.2,1,415244
1376,1,1.0,26.5,4.4,0,270485
2816,3,2.2,48.8,4.7,1,553472
1285,1,1.0,48.3,7.5,1,265327
1780,2,1.2,11.5,5.1,0,388005
2065,6,4.0,40.7,8.7,1,544420
2721,6,4.0,10.7,9.5,1,679817
1282,3,2.0,11.5,4.0,1,321418
2582,3,2.0,34.1,6.0,1,522985
2005,3,2.3,20.8,1.9,1,440545
1509,1,1.0,46.6,2.8,1,309539
2231,3,2.2,5.4,4.7,1,530170
2100,4,3.0,26.1,2.9,0,431369
1700,4,3.0,46.0,8.9,1,448665
2035,1,1.0,45.3,2.4,0,369990
1807,3,1.9,8.7,5.1,1,471281
2057,1,1.0,19.0,6.5,1,410442
2331,2,1.4,31.3,7.2,1,485959
2793,4,2.9,8.8,4.4,0,585619
1381,6,4.0,48.4,8.8,1,399550
3067,3,2.0,45.8,6.1,1,591538
1024,2,1.3,9.2,5.0,0,295156
1924,4,3.1,6.9,1.6,1,475953
2294,2,1.5,5.2,5.2,0,464623
2140,4,3.2,45.6,8.4,1,511841
1689,2,1.5,10.5,6.5,0,362617
1896,6,3.9,21.4,8.5,0,519806
1753,2,1.0,23.0,5.4,1,391266
1705,1,1.0,30.4,2.1,1,301715
2425,5,3.7,4.5,1.1,1,537815
2179,3,2.5,12.1,3.7,0,459459
1654,2,2.0,46.6,7.3,1,370530
2450,5,3.8,45.5,8.1,1,587895
2154,4,3.1,39.3,3.7,1,463433
2406,4,2.6,2.0,5.5,1,604880
2315,6,4.0,17.0,4.8,1,625772
1586,2,1.7,31.8,4.7,1,336692
1720,2,1.5,14.5,3.1,1,388130
2374,5,3.5,45.6,2.2,1,486760
2305,4,2.9,32.1,2.8,1,484823
1990,3,2.2,4.5,1.5,1,503920
2059,2,1.8,45.5,2.8,0,373074
2639,4,3.2,47.9,1.1,0,505191
1704,4,3.0,4.8,6.6,1,479675
2274,5,3.8,27.1,3.8,1,496013
1899,1,1.0,15.9,9.8,1,419198
1891,2,1.3,20.2,2.7,1,363116
2549,1,1.0,9.8,4.1,1,477830
2413,4,2.4,29.3,4.2,1,431569
2407,1,1.0,47.9,1.1,1,438261
2653,3,1.7,25.7,8.6,0,608434
2011,1,1.0,5.1,1.3,1,408037
2341,2,1.1,31.4,9.5,1,465168
1845,5,3.7,17.7,9.0,1,491995
2162,4,2.8,42.9,5.8,0,446011
1935,3,1.6,22.3,5.9,1,413875
2048,3,2.2,10.4,6.9,1,516096
2298,5,3.3,10.4,4.5,1,569347
1591,3,2.4,38.7,6.8,1,360366
3046,2,1.4,14.0,1.4,1,591897
1497,1,1.0,38.6,1.5,1,340929
1393,2,1.1,11.1,5.1,1,407536
2579,1,1.0,16.8,5.9,1,596473
2396,2,1.3,23.8,9.0,1,494365
2312,1,1.0,47.2,1.9,0,474210
2314,3,2.6,46.7,8.4,1,501124
1994,3,1.9,11.1,2.9,0,401171
1551,6,4.0,18.6,4.5,1,463185
2038,5,2.8,8.3,3.8,1,478435
1661,6,3.8,26.0,4.6,1,464632
2488,1,1.0,23.6,2.4,1,419984
1926,2,1.0,45.1,5.5,0,365842
1587,4,2.3,46.6,8.2,0,420677
1839,2,1.5,19.8,5.0,1,412038
2206,1,1.0,25.1,5.4,1,447983
1718,4,2.9,44.9,8.6,1,454881
1589,4,3.0,40.5,7.4,1,451868
2122,1,1.0,1.2,5.4,1,407449
2122,4,3.0,16.7,3.3,1,505739
1747,3,2.1,21.7,9.0,0,415170
1764,1,1.0,12.3,6.2,1,397119
2116,2,1.7,10.8,3.0,0,458106
1276,1,1.0,2.9,3.4,0,247942
1296,2,1.1,32.5,8.2,0,284151
1641,2,1.3,13.9,1.4,1,300569
1893,3,1.8,3.6,9.9,1,475775
2155,4,2.7,12.3,2.2,1,523420
2738,4,2.9,40.3,8.2,1,590605
2429,1,1.0,42.7,4.6,1,394389
1920,3,1.8,24.7,5.4,0,399663
1990,1,1.0,21.4,8.9,0,351763
1499,3,2.4,48.9,4.7,0,296204
1991,1,1.0,10.8,5.8,0,418882
1856,4,3.4,11.6,1.4,1,409469
2161,5,3.9,15.3,1.0,1,533261
1586,1,1.0,9.5,3.2,1,352634
2260,3,1.7,19.6,7.1,1,509186
2766,3,2.3,45.6,2.1,0,492642
1946,3,2.1,31.2,2.0,1,436328
2201,2,1.2,21.2,4.7,1,483548
2345,3,2.2,46.8,6.8,1,506927
1799,3,2.4,3.4,7.4,1,483500
2112,4,3.0,11.3,2.6,1,479243
2006,3,1.8,28.7,1.7,0,409759
2049,1,1.0,31.2,9.5,1,440577
1613,2,1.2,2.9,3.3,1,379052
2012,4,2.9,20.7,8.7,1,500266
2249,1,1.0,32.8,8.8,1,455131
2726,4,2.7,35.2,8.0,1,572594
2480,2,1.6,32.3,2.5,0,468311
3077,1,1.0,16.7,8.4,1,642088
1616,5,4.0,5.6,7.9,1,521639
2436,6,3.7,21.9,6.4,1,546568
2092,1,1.0,7.3,4.0,1,470207
3095,6,4.0,47.4,3.4,1,654323
1596,4,3.0,24.3,2.1,1,409522
1580,3,2.1,16.5,5.6,1,374039
1700,3,2.1,38.5,6.3,0,382137
938,1,1.0,25.4,4.2,1,235440
1737,3,2.0,16.2,5.3,1,377525
1620,3,2.5,40.8,4.3,1,397469
2075,1,1.0,43.5,6.8,1,461597
2171,1,1.0,34.0,9.1,0,413233
2938,2,1.1,3.3,2.5,0,584671
2475,4,2.8,28.7,4.4,1,528945
1712,6,4.0,38.4,2.3,0,433609
1551,3,1.8,7.7,6.6,0,318344
2246,3,2.2,12.2,7.6,0,570852
1340,2,1.2,44.2,9.4,1,390282
2916,1,1.0,2.0,3.5,1,553363
2590,1,1.0,37.9,9.6,1,438011
1765,2,1.9,24.2,1.6,0,360528
1143,6,3.9,22.9,6.4,1,350689
2677,6,4.0,1.3,1.5,1,624639
1943,3,2.3,41.2,9.0,1,475021
2619,3,1.9,18.6,5.8,1,526041
1203,2,1.7,27.5,7.0,1,362579
1700,5,3.1,34.2,8.5,0,459868
2003,3,2.5,35.4,2.4,1,456096
2023,2,1.4,47.8,1.3,0,357789
1775,2,1.2,27.0,8.9,1,381339
2311,2,1.3,20.6,3.8,1,500793
1466,3,2.3,47.7,2.2,1,321512
1929,1,1.0,32.5,5.2,1,349764
2060,6,4.0,15.6,6.4,1,579680
2257,4,2.7,7.2,1.3,1,560601
2356,6,3.8,42.3,3.5,1,530345
1438,2,1.9,18.7,1.3,0,371233
1233,5,3.3,33.4,4.8,1,367533
2639,2,1.6,24.1,9.1,1,552532
2166,3,2.2,10.7,9.8,1,511456
1626,6,3.9,30.5,6.7,1,509930
2776,6,4.0,4.0,2.5,1,606570
2058,5,3.7,21.3,9.2,1,563729
2590,4,2.7,27.8,5.6,1,545211
2034,3,2.5,22.4,2.4,1,429827
3030,1,1.0,37.7,9.3,1,622240
2878,4,3.1,41.6,7.8,0,577354
1876,3,2.0,38.8,7.6,1,425507
2486,4,2.5,2.9,7.4,1,615152
2323,2,1.2,10.5,2.8,0,496476
2684,2,1.5,27.3,2.9,1,534770
1518,4,3.0,46.8,7.2,1,378195
2343,4,2.1,41.9,3.0,1,465271
2529,1,1.0,42.3,4.9,1,474543
1121,2,1.4,15.9,8.0,1,342881
1408,4,2.7,22.0,8.1,1,379772
980,2,1.8,24.1,5.1,0,282130
1865,3,2.2,8.7,8.1,0,452084
2359,5,3.9,2.5,8.5,1,551599
2751,2,1.3,47.4,6.9,1,507583
2037,2,1.7,12.8,3.1,1,422304
2814,2,1.9,12.8,3.5,1,558290
1310,2,1.8,5.1,3.8,1,400656
1148,4,2.5,46.5,2.1,1,301390
1972,2,1.3,29.4,3.5,1,383730
2192,2,1.3,33.7,2.9,1,439271
1984,3,2.2,45.7,5.1,0,395803
966,2,1.6,17.9,9.2,1,329245
1955,2,1.1,31.5,1.9,0,382027
1348,2,1.4,2.9,7.5,0,386705
2335,5,2.9,10.2,7.2,1,565240
2183,4,3.2,41.7,1.9,0,488316
1530,4,2.6,38.6,9.3,1,447298
1743,4,2.8,18.2,6.1,1,428237
1470,4,2.7,19.5,4.3,1,457186
1969,4,3.1,27.1,7.8,1,502593
2478,1,1.0,1.0,3.3,1,434332
1507,1,1.0,12.8,7.2,1,416195
2252,4,2.8,11.2,1.4,1,556316
1735,1,1.0,13.3,8.6,1,407862
1604,4,3.3,40.5,5.0,1,389972
1946,1,1.0,14.7,6.7,1,417446
1482,2,1.6,10.4,3.0,1,376816
1723,2,1.5,25.7,7.1,1,445456
1401,1,1.1,43.4,8.0,1,348635
2982,4,2.6,12.8,5.3,1,633649
2018,6,4.0,4.8,6.6,0,585415
1650,3,2.4,18.5,5.1,1,401959
2107,4,2.9,37.6,9.0,1,540630
1944,5,3.0,28.0,5.5,1,469344
1890,3,1.9,41.0,8.6,0,433018
2307,2,1.5,48.0,8.2,1,478072
2379,3,2.4,39.8,4.7,1,493123
1735,2,1.2,30.6,3.1,1,355814
1712,2,1.0,25.2,4.7,1,412109
1862,4,3.0,3.0,8.4,1,481262
849,1,1.0,49.2,3.0,1,170315
1242,5,2.9,19.8,5.7,0,419381
2683,2,1.0,8.5,8.3,1,592685
2822,3,2.3,33.7,4.2,1,491764
1875,6,4.0,14.9,6.8,0,477252
2288,3,2.0,29.7,3.2,1,420349
2156,3,2.5,29.8,2.0,0,398690
3539,6,4.0,22.8,8.1,1,700483
2560,3,2.6,42.0,1.9,0,471788
1936,1,1.0,14.0,3.4,1,358937
1522,1,1.0,23.0,8.7,0,326561
1197,3,1.6,27.3,4.1,0,240587
2102,1,1.0,33.5,9.8,1,456757
1622,2,1.3,39.4,9.8,1,384834
1289,1,1.0,20.3,3.4,1,343680
1677,3,2.1,32.7,1.4,0,383847
1459,1,1.0,8.4,7.3,1,391134
2844,2,1.6,46.7,5.1,1,529674
2441,4,3.4,19.8,1.9,1,587866
1996,3,2.0,36.7,7.4,1,410087
2740,4,2.5,2.0,1.3,1,529902
2039,2,1.5,11.1,8.8,0,454996
1569,2,1.2,24.9,2.2,1,408531
2762,3,2.5,44.0,2.1,0,499465
2269,1,1.0,26.8,2.6,1,422959
1481,2,1.2,46.6,9.6,1,322980
1905,4,2.7,24.7,7.2,1,502184
1562,6,4.0,25.0,8.2,1,504824
1309,4,2.8,6.9,4.6,0,381015
2463,1,1.0,40.3,4.0,0,410084
2955,4,3.3,13.1,3.1,1,598281
1301,4,2.5,45.1,5.3,1,306987
2281,1,1.0,45.6,6.0,1,442500
1675,5,3.7,47.2,6.7,0,380491
1756,2,1.0,26.5,3.3,0,311823
1704,1,1.0,34.2,9.5,0,357646
1568,4,2.5,39.1,2.5,1,353853
2024,3,2.3,7.4,9.7,1,497810
1585,3,1.8,30.4,1.1,1,362463
2135,6,4.0,2.7,5.3,1,563734
1975,4,3.1,25.4,4.0,1,456185
1881,6,4.0,8.6,5.0,1,582695
1546,3,2.2,10.0,6.1,1,378942
1712,2,1.3,18.9,4.9,0,370335
2378,3,1.9,22.2,4.7,0,485758
2250,2,1.8,31.5,7.6,1,444318
1511,5,3.3,4.6,7.2,1,483643
2050,4,2.5,25.7,8.5,1,475655
2376,3,2.3,9.9,3.2,0,489606
1165,5,3.3,29.1,6.5,0,381406
2272,3,1.8,32.2,6.3,0,493648
1669,1,1.0,28.3,4.3,0,321679
2285,3,2.0,37.2,5.4,1,472066
1618,6,4.0,17.4,3.8,1,502456
1098,3,2.2,38.5,2.3,1,302191
1186,2,1.7,22.2,2.9,1,280852
2024,5,3.7,24.7,1.9,0,425503
2130,2,1.3,32.8,7.1,1,396874
1548,4,2.7,1.9,6.9,1,446578
2319,1,1.0,33.0,9.6,1,486607
1169,3,2.5,31.3,7.6,0,355924
1967,6,4.0,16.2,1.5,1,540949
1394,3,2.0,5.2,9.0,1,450051
1674,5,3.2,5.5,8.8,1,467880
2024,6,3.8,46.2,5.0,1,522877
1570,5,3.7,34.8,6.3,1,415507
1808,4,3.0,7.2,9.8,0,500137
2503,3,2.3,18.5,5.8,1,498654
1712,4,2.8,30.0,9.1,0,438360
2418,1,1.0,41.9,1.7,1,356503
1435,6,4.0,3.1,2.7,1,462696
2265,2,1.7,12.6,5.0,0,475384
2721,4,2.8,44.6,6.3,1,554819
800,1,1.0,1.4,8.3,1,220695
1602,1,1.0,10.9,9.9,0,407069
2289,6,4.0,48.0,4.5,1,548525
1898,4,2.9,31.1,1.4,0,384048
2186,5,3.5,13.8,8.2,1,558821
1698,1,1.0,4.3,6.4,1,476364
2043,5,4.0,2.4,2.8,1,549261
1922,1,1.1,13.0,5.5,0,429666
2584,2,1.6,44.2,7.7,1,537156
2127,1,1.0,21.4,7.9,0,437169
2169,4,3.1,36.3,5.5,0,397646
1794,3,2.3,46.0,3.7,1,371550
1756,1,1.0,21.0,9.8,1,401746
1784,3,2.0,10.4,7.0,1,391835
2197,2,1.4,26.3,4.7,1,421552
1790,2,1.0,45.5,3.5,1,293431
2145,1,1.0,40.4,7.6,1,437256
3038,3,2.0,4.2,3.2,0,610731
2436,2,1.9,34.9,2.5,0,482132
1837,3,2.1,29.0,5.8,0,416704
2601,3,1.7,45.5,3.6,0,450752
1796,5,3.5,7.0,6.7,1,434988
981,6,3.9,27.2,2.1,1,277051
1496,3,2.2,44.1,6.9,0,311016
1065,5,3.6,21.1,3.5,1,319140
1824,2,1.7,24.6,1.0,0,347554
2009,2,1.2,4.5,2.1,1,396084
2838,4,2.8,14.6,9.4,1,653646
2163,3,1.7,16.9,8.8,0,476457
1890,2,1.6,47.3,3.1,0,355549
2415,1,1.0,14.9,8.0,1,543440
894,5,3.6,23.6,6.5,0,281724
2118,3,2.1,33.9,9.7,1,510751
2385,4,2.9,8.9,4.4,1,542215
1261,1,1.2,24.8,7.1,0,289050
2572,3,2.0,37.2,1.6,1,522942
2169,4,2.8,43.5,4.6,1,502435
1792,2,1.1,31.7,9.7,1,397279
2316,2,1.1,33.8,5.9,1,467110
3135,2,1.4,7.2,3.6,1,616718
2091,4,3.1,47.3,2.1,1,436734
2124,5,3.4,7.5,7.3,1,563672
1770,2,1.3,39.0,6.8,0,379393
1575,2,1.3,14.0,4.4,1,426355
2415,4,2.6,46.7,9.6,0,475682
1572,1,1.0,36.3,1.2,1,281769
2036,3,1.7,37.9,3.7,1,399806
1761,1,1.0,11.7,9.3,1,425646
2239,2,1.2,22.7,3.9,1,408812
2167,2,1.6,31.3,3.3,1,449552
2519,1,1.0,38.7,5.8,1,456434
1745,4,3.0,6.1,8.4,1,460953
1865,5,3.7,48.2,1.9,1,384159
1511,1,1.0,44.6,9.5,1,341146
1778,4,2.5,14.2,8.2,1,502736
2189,1,1.0,41.3,2.6,1,383400
2378,6,3.8,26.4,7.4,0,576148
1539,5,3.4,23.6,4.5,1,469228
2435,1,1.0,16.4,4.6,1,493823
2678,5,3.7,29.5,8.0,1,600923
2207,1,1.0,36.8,9.7,0,456149
2938,4,2.5,21.1,2.1,1,573028
1613,2,1.6,31.8,4.8,0,327192
1378,1,1.0,35.3,5.3,1,264003
1111,3,1.4,35.8,4.4,0,294692
2748,3,2.3,3.5,4.3,0,546248
2327,6,4.0,43.1,1.5,0,496067
1972,1,1.0,23.5,7.2,1,379068
2140,3,1.8,13.9,4.9,1,491196
1437,5,2.5,12.8,2.8,1,365114
3223,1,1.0,24.7,8.3,1,618023
2065,3,2.2,44.5,8.2,0,470168
2055,4,2.3,19.5,5.4,1,504801
2363,2,1.1,37.7,3.7,1,457120
2241,3,2.9,5.7,6.7,1,480129
2112,6,4.0,24.3,3.6,1,628121
1605,1,1.0,49.6,3.1,1,367279
2236,3,1.9,38.8,7.6,0,487458
2941,3,1.5,11.3,1.4,1,545237
2673,1,1.0,25.6,1.9,1,481485
2797,1,1.0,12.4,1.1,1,493532
1744,2,1.3,21.1,2.4,1,411718
1505,2,1.4,39.2,1.6,1,322882
1937,6,4.0,38.8,10.0,1,507138
2028,1,1.0,12.2,3.6,0,376499
2547,3,1.7,46.2,2.3,0,494070
1154,3,2.2,30.0,3.2,0,330072
2765,4,2.2,19.6,9.4,1,664579
1921,2,1.0,25.6,5.7,0,412490
1787,3,2.3,30.6,4.3,0,378850
1494,4,3.0,28.4,8.9,0,303578
1173,2,1.4,24.8,4.6,1,312148
2412,3,1.7,25.7,4.0,0,473282
2037,2,1.2,9.6,2.9,0,410793
1355,4,2.7,40.8,4.4,0,330065
1352,1,1.0,27.5,3.9,1,254655
1832,3,1.9,7.4,7.1,0,449056
2835,5,3.7,38.5,3.6,0,589887
1870,2,1.8,46.7,6.2,1,426292
1248,4,2.7,47.4,1.6,1,336100
1877,2,1.6,19.1,2.7,0,396786
1864,1,1.0,7.6,4.7,1,383824
800,3,2.3,26.4,9.4,1,284135
1973,4,2.6,6.5,4.4,1,480688
1885,6,4.0,46.8,7.0,0,489842
2348,4,2.7,10.0,3.3,1,554418
2924,6,4.0,13.4,2.1,1,665685
2563,4,2.5,20.9,1.5,1,591167
1866,1,1.0,19.8,3.7,0,429566
1447,1,1.0,39.9,2.4,1,293055
3287,6,4.0,23.4,2.6,0,567859
2030,4,2.7,9.4,7.8,0,526126
2007,3,1.8,14.1,1.1,1,412575
1988,3,2.1,25.9,6.0,1,432798
2099,3,2.1,8.2,4.4,1,466217
1928,3,2.2,31.0,5.6,1,426860
1713,1,1.0,28.7,6.1,1,391026
1727,1,1.0,36.0,3.8,0,280836
1984,3,2.4,46.9,3.7,0,363168
1728,1,1.0,45.7,7.6,1,354915
1644,3,2.4,47.4,8.8,1,429009
2053,3,1.7,13.0,2.7,1,467265
1873,1,1.0,7.4,1.9,1,342493
2752,2,1.6,15.8,9.1,1,559070
800,1,1.0,44.9,4.1,0,136211
2546,2,1.4,48.6,6.0,0,479542
2623,4,2.7,43.1,4.2,1,583693
963,4,2.6,6.4,2.1,0,222325
1829,1,1.1,47.4,6.3,1,372263
1814,3,1.9,21.7,5.7,0,364786
1296,3,1.9,1.5,2.8,1,298900
1611,2,1.4,22.7,5.1,1,404870
1445,2,1.6,3.3,8.2,0,389254
2876,3,2.1,27.7,6.3,1,603627
2468,2,1.7,17.6,1.9,0,491444
2636,3,2.3,24.2,5.9,1,543124
2361,2,1.0,31.0,7.3,1,474896
1435,1,1.0,43.6,8.1,1,395514
1738,1,1.0,33.4,6.7,1,345599
2245,3,2.2,22.3,2.4,1,494137
1389,4,2.0,41.2,7.4,1,371701
2356,4,3.6,45.4,7.1,1,477893
1880,3,2.3,6.9,1.2,1,362417
1813,3,2.1,27.1,4.7,0,377270
2355,6,4.0,14.9,4.0,1,605353
2222,4,3.5,3.3,7.0,0,552407
1820,4,3.1,33.8,2.9,1,451071
2580,5,3.8,43.3,6.3,1,546375
1459,1,1.0,9.0,9.2,1,428253
2308,4,2.8,40.8,8.2,1,498245
2297,2,1.3,42.8,9.3,1,496255
1845,4,2.6,45.8,9.8,1,462406
2163,5,3.3,14.0,1.1,1,488421
1374,2,1.0,45.3,6.6,1,363790
2462,4,2.8,16.7,4.7,0,500819
1908,1,1.0,28.1,8.7,1,375408
1739,2,1.5,3.5,3.3,1,400911
2525,4,2.8,3.2,9.8,1,599001
1648,1,1.0,36.3,6.5,0,435546
1296,1,1.0,22.8,8.1,1,350166
1222,1,1.0,13.6,1.8,1,260423
2303,3,2.5,10.3,2.7,1,467267
1360,3,1.7,33.8,7.8,1,307236
2877,4,2.9,1.0,1.2,1,567464
959,2,1.2,40.5,8.4,0,261894
2848,3,1.8,4.9,1.1,1,606110
2106,6,3.8,10.4,6.9,1,586376
1952,2,1.5,19.9,4.3,1,431926
1728,2,1.2,24.8,6.5,1,389639
2200,2,1.7,18.4,7.3,1,498074
1981,4,3.1,16.7,4.1,1,459034
2552,1,1.1,48.2,2.0,1,503523
2057,4,2.5,32.4,1.6,1,436633
2075,3,2.2,2.1,6.3,1,495577
1818,3,2.3,22.1,5.7,0,344009
1972,5,3.4,43.9,7.7,1,482795
2154,3,1.9,15.8,5.6,1,510136
1145,1,1.2,5.6,4.8,1,275231
1326,1,1.0,38.2,4.6,1,271390
2372,3,2.3,30.7,1.2,1,498097
2085,5,3.3,28.9,4.0,1,445531
1908,4,2.4,3.6,9.8,0,519097
2009,2,1.2,7.9,8.9,0,436867
2174,6,4.0,31.5,4.0,1,532564
1730,1,1.0,11.2,6.3,0,310151
1611,4,2.8,25.7,8.6,0,428230
2098,2,1.0,27.7,5.0,1,508959
1511,3,1.8,14.9,1.2,0,350928
2204,1,1.0,47.5,1.7,1,369101
1149,3,2.3,42.3,5.6,1,348059
2515,1,1.0,36.4,9.7,1,502826
2236,3,1.8,4.8,7.2,1,561689
2128,6,3.9,6.2,1.6,1,543685
2491,3,2.0,25.1,2.7,1,416716
2833,2,1.6,8.9,7.9,0,543349
2507,1,1.0,48.9,8.6,0,498735
1080,4,2.7,8.8,6.6,0,339956
1360,4,2.5,24.9,6.8,0,329641
1688,3,2.2,18.8,1.3,0,338035
2013,1,1.0,32.3,8.5,1,371888
2259,4,2.6,7.3,8.1,1,548274
1637,2,1.8,22.1,3.3,1,438419
2093,4,3.0,14.5,7.4,0,518442
1622,1,1.0,44.5,2.9,1,384239
1694,5,3.1,3.0,1.4,0,435300
1297,3,2.2,45.8,2.8,1,339485
1538,1,1.0,41.8,2.6,1,369306
1324,2,1.3,15.6,4.0,0,315988
1512,1,1.1,39.7,4.8,1,321226
2527,5,3.9,2.5,5.6,1,635406
1525,1,1.2,48.4,5.3,1,369347
3316,3,2.2,26.8,3.4,1,621589
2247,2,1.6,15.9,1.3,0,403235
2092,3,2.5,18.8,6.4,1,493693
1571,2,1.5,4.3,4.6,1,410821
2350,5,3.3,49.5,3.7,1,531737
1712,4,2.7,2.9,8.8,0,411578
2061,5,3.6,33.1,7.7,1,573747
3280,2,1.0,22.7,8.7,1,630029
1952,3,2.1,47.5,5.5,0,391841
2575,2,1.7,13.1,2.2,1,484423
1648,1,1.0,27.1,7.3,0,419907
1983,3,2.6,24.6,2.9,1,446245
2885,1,1.0,35.4,5.0,1,512160
1687,6,4.0,4.3,1.6,1,503674
2906,6,4.0,10.5,8.4,0,691380
2354,3,2.1,11.5,2.1,0,464518
1719,4,3.2,37.2,9.1,1,481422
2316,1,1.0,10.3,8.8,1,482551
2486,1,1.0,29.1,5.2,0,434703
2311,2,1.6,11.5,7.7,1,455019
1215,3,2.0,43.2,6.6,0,262470
1636,3,2.1,47.2,8.2,1,455221
1876,1,1.0,26.4,4.9,0,410586
1963,4,3.3,18.3,8.1,1,507573
2310,1,1.0,12.5,5.2,1,525447
2089,3,1.9,3.4,9.5,1,514007
1332,3,1.7,14.2,5.4,0,326903
2190,1,1.0,33.1,5.2,1,432226
2305,2,1.5,27.1,8.1,1,497379
2280,4,2.9,47.3,8.4,1,513505
2540,2,1.8,20.4,6.0,1,564505
2417,1,1.0,35.0,2.6,0,406549
2230,4,3.1,25.0,5.2,0,508878
1965,1,1.0,26.1,9.7,1,453735
1170,2,1.0,14.1,7.8,0,319916
2215,5,3.4,23.3,8.3,0,497844
2104,1,1.0,24.1,1.3,0,336556
2136,5,3.5,35.6,5.2,1,508160
1362,4,3.0,47.1,6.8,0,340835
1459,4,2.7,17.1,8.5,1,427734
2527,3,1.8,3.1,1.4,1,518851
1980,6,4.0,25.3,8.7,0,591043
2341,2,1.5,27.7,5.9,1,448403
2014,4,2.6,9.3,2.8,1,409428
2015,2,1.3,38.3,3.9,0,394722
2469,5,3.2,49.3,3.5,0,486388
1742,3,2.4,47.3,5.8,1,411194
2048,3,2.0,10.7,1.5,0,435964
1769,3,2.5,43.9,2.4,1,422412
1783,1,1.2,35.5,8.3,1,355569
1845,3,2.1,23.2,2.2,0,365555
2111,6,3.9,27.5,3.1,1,520299
1761,3,1.5,42.6,5.1,1,412333
2628,1,1.0,24.5,5.7,1,569567
1553,3,1.7,19.3,7.9,1,435586
1907,3,2.5,25.2,5.0,1,442023
1780,2,1.4,29.4,8.1,0,367321
2723,3,2.2,10.3,6.6,0,547104
2098,1,1.0,45.1,2.0,1,332967
2516,6,4.0,34.0,2.4,0,590875
1257,1,1.0,32.0,4.9,1,303221
2134,1,1.0,5.9,4.6,1,407810
2445,3,2.1,30.6,7.7,0,495414
2041,2,1.6,6.9,6.2,1,493926
2533,2,1.9,4.9,4.5,1,544911
1741,3,2.0,26.8,2.5,1,407225
2705,4,2.8,20.7,3.0,1,578097
3149,3,2.2,29.9,6.2,0,653161
1819,6,4.0,5.4,4.8,1,542249
1777,3,1.5,22.1,5.6,1,405016
2727,3,2.3,9.6,2.5,1,531830
2790,3,2.1,49.4,7.0,1,568301
1739,5,3.7,28.5,8.7,1,408501
1790,5,3.3,34.7,3.3,1,429386
1859,4,2.8,16.9,5.4,0,430914
1328,4,3.0,5.6,9.8,0,366029
1541,2,2.3,48.8,4.0,1,316437
1498,6,4.0,15.0,6.4,1,486432
1616,3,1.8,21.8,1.8,1,374748
1983,2,1.3,32.8,6.5,0,408335
2117,6,4.0,2.2,1.8,0,509959
2775,4,2.3,40.7,9.6,1,604348
1501,3,2.0,27.3,7.4,0,404659
2492,3,2.3,14.6,8.1,1,567440
1893,6,3.8,4.0,7.3,1,487147
1975,4,3.1,9.0,6.3,1,548410
2337,2,1.5,44.9,5.0,1,475454
1439,1,1.0,34.6,8.7,1,325502
2191,3,2.1,13.2,9.6,1,490589
2083,4,3.3,4.2,5.5,1,528270
2246,5,3.7,34.8,9.4,1,554450
2145,6,4.0,29.0,6.2,1,587904
3228,2,1.3,20.8,5.8,1,614643
1681,4,2.8,18.8,5.1,1,406299
1735,4,2.6,11.6,2.9,1,453191
1688,1,1.0,33.8,1.0,1,321008
1722,4,3.4,48.6,3.2,1,406414
1681,5,3.5,9.6,5.6,1,485776
2595,2,1.5,30.3,4.4,1,510936
2710,5,3.5,21.8,5.0,1,609299
1715,4,2.6,22.9,9.8,1,501555
1584,5,3.4,13.5,4.2,0,427763
2236,2,1.0,41.4,5.1,1,438206
1724,2,2.1,24.8,2.2,1,418237
2316,1,1.0,27.6,1.4,1,329795
2101,4,2.5,15.9,8.0,1,577034
1242,1,1.0,9.9,6.1,1,267840
2774,2,1.8,5.2,7.8,1,576608
2898,3,2.1,36.0,2.3,1,552827
1694,2,1.0,10.6,6.1,0,373640
1806,2,1.8,34.8,3.3,1,414208
2143,1,1.0,20.1,3.1,1,392786
2167,3,2.3,21.4,1.1,1,459287
2329,4,3.0,24.0,2.2,0,460660
3005,6,4.0,19.0,3.8,0,654644
1912,3,2.8,5.9,2.1,1,441604
1601,2,1.2,16.2,9.9,0,393635
1310,3,2.6,33.5,3.8,1,320559
1635,1,1.0,33.6,2.2,0,285862
1983,2,1.5,15.0,2.8,0,406689
2897,1,1.0,23.5,6.3,1,577558
1741,3,2.0,10.5,1.6,0,356096
2112,4,2.6,11.3,8.8,1,502850
1992,2,1.6,2.1,9.7,1,511997
2594,2,1.7,44.9,3.2,1,489799
3263,3,1.5,11.3,5.1,0,645682
1735,2,1.4,12.1,1.2,1,346356
1755,2,1.7,14.7,6.8,1,370388
2522,3,2.0,7.2,4.7,0,503542
2341,1,1.0,32.3,3.4,1,422052
2923,6,4.0,4.7,2.9,1,653930
2292,2,1.5,7.6,6.9,1,489740
1820,2,1.3,32.6,4.7,1,415437
2295,2,1.0,17.6,2.6,1,449472
2554,4,2.5,35.7,7.2,1,561547
2410,1,1.0,28.3,6.1,0,460329
2254,2,1.4,13.5,8.7,0,491261
2533,4,2.8,32.9,2.1,1,519221
2585,3,2.0,6.7,8.1,1,595478
2691,3,2.0,27.3,7.1,1,544128
2324,3,2.4,22.4,2.0,1,525707
1916,6,4.0,14.1,7.3,1,520763
2073,3,1.7,30.6,5.0,1,411317
2603,3,2.3,43.7,9.5,0,543320
1592,1,1.0,49.9,2.3,1,276022
2184,2,1.4,30.8,6.8,1,487255
1803,4,3.3,20.8,4.4,0,490694
2014,3,2.1,12.0,9.6,1,479822
2639,3,2.2,13.6,4.0,1,561817
2096,2,1.0,24.5,9.7,1,425146
2023,3,2.0,19.0,9.1,1,506522
1320,1,1.0,45.8,3.4,0,226373
2373,2,1.0,19.0,8.2,1,493033
2323,2,1.5,19.3,10.0,0,467661
3082,3,2.1,19.8,3.3,0,602561
1846,5,3.5,42.0,4.9,0,457275
2110,3,2.4,32.9,5.7,0,445869
2125,6,4.0,31.1,3.7,1,490417
2789,2,1.8,17.4,1.1,1,580372
1952,5,3.2,41.1,3.0,1,426141
2140,6,4.0,2.9,3.5,1,480097
2304,6,4.0,43.7,5.0,0,528994
2093,3,1.8,26.1,2.5,1,406735
1777,4,3.1,20.5,8.9,0,482839
2097,3,2.8,25.4,7.3,0,458476
2537,2,1.4,33.7,1.8,0,469988
1487,5,3.7,1.6,6.9,0,473010
2066,4,2.8,43.7,6.9,1,442445
1650,2,1.2,22.9,9.6,1,397259
2598,1,1.0,17.8,1.0,1,444577
1238,1,1.0,7.8,3.2,1,321789
1721,5,3.1,22.5,9.4,1,461833
2189,6,4.0,25.3,9.4,0,540918
2783,1,1.0,20.8,7.5,0,540844
1967,2,1.3,34.3,7.9,1,421076
1722,5,3.8,21.6,1.8,1,437400
2941,4,2.5,48.1,5.6,1,543382
1276,3,1.9,30.4,3.1,1,385187
901,2,1.4,40.6,2.6,1,191446
2220,1,1.0,6.4,8.3,1,462961
1749,4,3.0,20.5,2.2,1,417885
1489,5,3.6,17.5,5.2,1,483643
2354,2,1.4,28.9,9.4,1,476406
2122,3,2.2,43.2,2.7,1,494283
1718,6,4.0,4.8,9.8,1,573394
1360,5,3.2,4.6,9.9,1,464388
2436,3,2.1,42.7,6.0,1,477942
2325,1,1.0,11.4,2.5,0,440388
1950,3,2.1,33.8,3.8,1,404713
2923,4,2.7,27.6,4.8,1,642297
1465,1,1.5,41.8,3.8,0,260999
1237,3,2.1,7.1,3.5,1,339588
1654,3,1.7,7.4,9.8,0,407271
1977,4,2.8,28.3,2.4,1,414110
2122,1,1.0,47.4,7.6,1,451754
1879,2,1.9,21.3,1.0,1,408196
2176,3,1.9,17.0,6.4,1,530427
1374,2,1.0,30.7,9.2,1,304837
2722,1,1.0,46.6,3.6,1,521523
1959,1,1.0,42.0,2.7,1,437638
2559,3,2.0,49.8,6.9,1,509928
2171,1,1.0,2.1,7.4,1,513601
2228,3,2.1,6.5,7.2,1,513556
2285,1,1.0,30.9,3.9,1,400288
2224,1,1.0,41.2,3.3,1,401783
2321,6,4.0,15.0,9.6,1,658768
2665,3,2.1,12.7,9.3,0,547733
2098,2,1.4,39.6,5.1,1,414767
2355,4,2.8,3.8,8.6,1,593585
1955,4,2.9,19.1,5.1,1,473791
2720,1,1.0,25.8,4.8,1,517116
1662,3,2.2,28.5,2.4,0,360502
2900,3,2.2,36.7,4.8,1,590000
1980,6,4.0,18.4,5.8,1,523706
1285,3,2.1,31.0,1.2,1,314969
2064,2,1.5,29.7,5.0,0,385237
1659,4,3.0,27.8,8.0,1,484279
2420,2,1.2,32.4,7.1,0,456484
1674,2,1.2,13.7,6.7,0,412971
1777,3,1.9,5.1,9.2,1,461785
1055,1,1.0,6.8,1.2,0,219212
1774,1,1.0,12.0,6.0,1,366983
800,3,2.0,25.5,8.1,0,236575
1208,4,3.1,42.2,5.9,1,294745
2380,6,4.0,35.4,3.9,1,519884
2393,4,2.8,39.7,2.2,1,483806
2213,2,1.3,18.2,9.0,0,482021
1517,2,1.6,20.8,5.2,1,398215
1976,6,4.0,20.3,8.9,1,574448
1998,4,3.5,10.4,6.3,1,480292
1421,3,1.8,4.0,7.1,1,355048
2752,1,1.0,30.0,8.2,1,560940
2439,2,1.2,49.5,6.9,1,526904
1890,1,1.0,9.2,4.6,1,440491
2013,3,2.1,3.3,5.6,1,501460
2104,4,2.8,39.2,8.2,1,519025
979,1,1.0,13.4,4.4,1,307456
1876,2,1.3,41.7,4.5,1,400888
1659,5,3.2,35.5,1.9,0,395046
1499,5,3.6,47.3,9.2,1,420496
1859,3,1.5,21.0,1.8,0,333737
2899,1,1.0,33.4,6.8,0,505632
2320,3,2.1,23.8,4.7,1,498333
1714,2,1.6,31.9,4.7,1,383867
2286,5,3.8,23.0,7.1,0,591511
